file,timestamp,label,git_commit,git_short,benchmark,module,preset,dtype,gpu_us,cpu_us,speedup,tokens_per_sec,seq_len,m,k,n,rows,cols,display_label
bench-results/module-all-e18f418d3584.json,2026-06-11T17:58:30-0700,,e18f418d3584a94c71e789c738870b0fb14e50eb,e18f418d,qwen35_module_bench,matvec,qwen35-4b,fp32,875.0080108642578,77368.754,88.42062362787031,,,9216.0,2560.0,,,,matvec qwen35-4b e18f418d
bench-results/module-all-e18f418d3584.json,2026-06-11T17:58:30-0700,,e18f418d3584a94c71e789c738870b0fb14e50eb,e18f418d,qwen35_module_bench,zero_centered_rms_norm,qwen35-4b,fp32,38.84959936141968,24.412333333333333,0.6283805685156295,,,,,2560.0,,,zero_centered_rms_norm qwen35-4b e18f418d
bench-results/module-all-e18f418d3584.json,2026-06-11T17:58:30-0700,,e18f418d3584a94c71e789c738870b0fb14e50eb,e18f418d,qwen35_module_bench,gated_rms_norm,qwen35-4b,fp32,3.8953599333763123,89.288,22.921630228560012,,,,,,16.0,256.0,gated_rms_norm qwen35-4b e18f418d
bench-results/module-all-e18f418d3584.json,2026-06-11T17:58:30-0700,,e18f418d3584a94c71e789c738870b0fb14e50eb,e18f418d,qwen35_module_bench,l2_norm_rows,qwen35-4b,fp32,3.2710400223731995,18.805333333333333,5.749037983243543,,,,,,16.0,256.0,l2_norm_rows qwen35-4b e18f418d
bench-results/module-all-e18f418d3584.json,2026-06-11T17:58:30-0700,,e18f418d3584a94c71e789c738870b0fb14e50eb,e18f418d,qwen35_module_bench,silu_mult,qwen35-4b,fp32,2.489279955625534,154.17,61.93357225714632,,,,,9216.0,,,silu_mult qwen35-4b e18f418d
bench-results/module-all-e18f418d3584.json,2026-06-11T17:58:30-0700,,e18f418d3584a94c71e789c738870b0fb14e50eb,e18f418d,qwen35_module_bench,rope,qwen35-4b,fp32,4.908159971237183,176.008,35.86028186355839,,,,,,,,rope qwen35-4b e18f418d
bench-results/module-all-e18f418d3584.json,2026-06-11T17:58:30-0700,,e18f418d3584a94c71e789c738870b0fb14e50eb,e18f418d,qwen35_module_bench,argmax,qwen35-4b,fp32,20.21440029144287,479.5726666666667,23.72430840155464,,,,,248320.0,,,argmax qwen35-4b e18f418d
bench-results/module-all-e18f418d3584.json,2026-06-11T17:58:30-0700,,e18f418d3584a94c71e789c738870b0fb14e50eb,e18f418d,qwen35_module_bench,sampling,qwen35-4b,fp32,102.15423583984375,2656.69,26.006655310555388,,,,,248320.0,,,sampling qwen35-4b e18f418d
bench-results/module-all-e18f418d3584.json,2026-06-11T17:58:31-0700,,e18f418d3584a94c71e789c738870b0fb14e50eb,e18f418d,qwen35_module_bench,gqa_sdpa,qwen35-4b,fp32,2106.4498901367188,4147.706,1.9690504005916771,,128.0,,,,,,gqa_sdpa qwen35-4b seq=128 e18f418d
